"記事番号","タイトル","スタイル","記事ファイル","記事ステータス","サムネメインコピー","サムネサブコピー","サムネブリーフ","サムネステータス","SNS投稿","作成日","備考"
"1","職場の人間関係がつらいなら、今すぐこれだけやって。たった5分で変わる第一歩","CTA型",".company/marketing/content-plan/article-01-ningen-kankei.md","draft","職場の人間関係、つらくないですか？","転職サイトに登録するだけでいい",".company/creative/briefs/thumb-01-ningen-kankei.md","brief完","あり","2026-05-08",""
"2","給料が上がらないのは「あなたのせい」じゃない。転職サイトで自分の本当の価値を確かめよう","CTA型",".company/marketing/content-plan/article-02-kyuryo-fuman.md","draft","給料、上がってますか？","あなたの市場価値、知ってますか",".company/creative/briefs/thumb-02-kyuryo-fuman.md","brief完","あり","2026-05-08",""
"3","毎日残業しているあなたへ。「定時に帰れる会社」は本当に存在します","CTA型",".company/marketing/content-plan/article-03-zangyo-tsukareta.md","draft","毎日残業、当たり前じゃない","定時退社できる会社は存在する",".company/creative/briefs/thumb-03-zangyo.md","brief完","あり","2026-05-08",""
"4","「この仕事、一生やるの？」と思ったあなたへ。その感覚、無視しないでください","CTA型",".company/marketing/content-plan/article-04-yarigai-nai.md","draft","この仕事、一生続けるの？","「なんとなく」で10年経つ前に",".company/creative/briefs/thumb-04-yarigai.md","brief完","あり","2026-05-08",""
"5","30代の転職、正直に言います。「タイミング」は今が一番いいです","CTA型",".company/marketing/content-plan/article-05-30dai-tensyoku.md","draft","30代の転職、遅くない","でも情報収集は今すぐ始めるべき理由",".company/creative/briefs/thumb-05-30dai.md","brief完","あり","2026-05-08",""
"6","新卒で入った会社が合わない20代へ。「もう少し頑張れ」は無視していいです","CTA型",".company/marketing/content-plan/article-06-20dai-dainisinsotsu.md","draft","新卒で入った会社、合ってますか？","20代の転職は「やり直し」じゃなく「選び直し」",".company/creative/briefs/thumb-06-20dai.md","brief完","あり","2026-05-08",""
"7","40代からの転職は無理？——「諦める前に」これだけ確かめてください","CTA型",".company/marketing/content-plan/article-07-40dai-tensyoku.md","draft","40代の転職、本当に無理？","まず現実を確かめてから判断しよう",".company/creative/briefs/thumb-07-40dai.md","brief完","あり","2026-05-08",""
"8","毎日通勤しているあなたへ。「在宅勤務できる会社」は、思ってるより全然多い","CTA型",".company/marketing/content-plan/article-08-remote-work.md","draft","在宅勤務できる会社に転職したい","リモートOK求人、思ってるより多いです",".company/creative/briefs/thumb-08-remote.md","brief完","あり","2026-05-08",""
"9","パワハラで消耗しているあなたへ。我慢は美徳じゃない。逃げ道を持つのが正解です","CTA型",".company/marketing/content-plan/article-09-pawahara.md","draft","パワハラで消耗しているあなたへ","逃げ道を知るだけで、心が楽になる",".company/creative/briefs/thumb-09-pawahara.md","brief完","あり","2026-05-08",""
"10","仕事で体や心がおかしくなってきた。そう感じたら「今すぐ」これだけやってください","CTA型",".company/marketing/content-plan/article-10-mental-karada.md","draft","体や心がおかしいと感じたら","我慢より先に「逃げ道」を確保しよう",".company/creative/briefs/thumb-10-mental.md","brief完","あり","2026-05-08",""
"11","ノルマが怖くて眠れない。営業の「あなた」が今すぐ動いていい理由","CTA型",".company/marketing/content-plan/article-11-eigyo-noruma.md","draft","ノルマが怖くて眠れない","それ、あなたのせいじゃない",".company/creative/briefs/thumb-11-eigyo-noruma.md","brief完","あり","2026-05-08",""
"12","「患者さんのために」が限界になった。看護師・医療職のあなたへ伝えたいこと","CTA型",".company/marketing/content-plan/article-12-kango-iryo.md","draft","","","","未着手","あり","2026-05-08",""
"12","「このままでいいのか」——成長できない職場にいる人が、今すぐやること","CTA型",".company/marketing/content-plan/article-12-skill-seichou.md","draft","このままでいいのか、と思ったら","成長できる場所が、必ずある",".company/creative/briefs/thumb-12-skill-seichou.md","brief完","なし","2026-05-08",""
"13","「また契約終了」が怖い。派遣・契約社員から正社員になるために今日やること","CTA型",".company/marketing/content-plan/article-13-haken-seishain.md","draft","","","","未着手","あり","2026-05-08",""
"13","休みが取れない会社、それって普通じゃないです","CTA型",".company/marketing/content-plan/article-13-kyujitsu-yukyu.md","draft","休みが取れない会社、普通じゃない","年間休日120日以上の求人がある",".company/creative/briefs/thumb-13-kyujitsu-yukyu.md","brief完","なし","2026-05-08",""
"14","「育児か仕事か」じゃなくていい。ワーキングマザーが今すぐ知るべきこと","CTA型",".company/marketing/content-plan/article-14-ikuji-ryoritsu.md","draft","「育児か仕事か」じゃなくていい","両立できる職場が、今は増えている",".company/creative/briefs/thumb-14-ikuji-ryoritsu.md","brief完","あり","2026-05-08",""
"15","転勤・単身赴任がつらい。それでも「仕方ない」と諦めていますか？","CTA型",".company/marketing/content-plan/article-15-tenkin-tanshin.md","draft","転勤・単身赴任、ずっと我慢しますか？","「転勤なし」の求人が、想像より多い",".company/creative/briefs/thumb-15-tenkin-tanshin.md","brief完","あり","2026-05-08",""
"16","「正社員になりたい」派遣・契約社員のあなたへ。今が動き時です","CTA型",".company/marketing/content-plan/article-16-haken-seishain.md","draft","「正社員になりたい」今が動き時","派遣・契約から転職した人は、今も増えている",".company/creative/briefs/thumb-16-haken-seishain.md","brief完","あり","2026-05-08",""
"17","「この会社、大丈夫か？」と思ったとき、動いていい","CTA型",".company/marketing/content-plan/article-17-kaisha-shourai.md","draft","「この会社、大丈夫か？」と思ったら","不安なうちに動くのが、正解",".company/creative/briefs/thumb-17-kaisha-shourai.md","brief完","あり","2026-05-08",""
"18","未経験からITエンジニアになれますか？——「なれる人」と「なれない人」の違い","CTA型",".company/marketing/content-plan/article-18-it-mikeiken.md","draft","未経験からITエンジニアになれますか？","なれる人となれない人の、たった一つの差",".company/creative/briefs/thumb-18-it-mikeiken.md","brief完","あり","2026-05-08",""
"19","頑張っても給料が上がらない。それ、会社のせいです","CTA型",".company/marketing/content-plan/article-19-shoukyu-hyouka.md","draft","頑張っても給料が上がらない","それ、会社の仕組みの問題です",".company/creative/briefs/thumb-19-shoukyu-hyouka.md","brief完","あり","2026-05-08",""
"20","セクハラ・嫌がらせで苦しんでいるあなたへ。逃げることは、正解です","CTA型",".company/marketing/content-plan/article-20-sekuhara-harassment.md","draft","逃げることは、正解です","あなたには安心して働く権利がある",".company/creative/briefs/thumb-20-sekuhara-harassment.md","brief完","あり","2026-05-08",""
"21","「なぜ毎日出社しないといけないのか」——テレワークできない会社にいる人へ","CTA型",".company/marketing/content-plan/article-21-telework-shussya.md","draft","なぜ毎日出社しないといけないのか","フルリモートの求人が、今は多い",".company/creative/briefs/thumb-21-telework-shussya.md","brief完","あり","2026-05-08",""
"22","転職回数が多くて不安。「何社目？」と聞かれるのが怖いあなたへ","CTA型",".company/marketing/content-plan/article-22-tensyoku-kaisuu.md","draft","転職回数が多い。それでも大丈夫","回数より「伝え方」が大事",".company/creative/briefs/thumb-22-tensyoku-kaisuu.md","brief完","あり","2026-05-08",""
"23","「仕事を辞めたいのは甘え」は嘘。正しい判断基準と、転職すべき職場の見分け方","CTA型",".company/marketing/content-plan/article-23-long-yameru-amae.md","draft","「辞めたいのは甘え」は嘘","正しい判断基準と転職すべき職場の見分け方",".company/creative/briefs/thumb-23-long-yameru-amae.md","brief完","あり","2026-05-08",""
"24","「人間関係が嫌で転職」は逃げじゃない。後悔しない転職判断のための完全ガイド","CTA型",".company/marketing/content-plan/article-24-long-ningen-kankei.md","draft","人間関係が嫌で転職、逃げじゃない","後悔しない判断のための完全ガイド",".company/creative/briefs/thumb-24-long-ningen-kankei.md","brief完","あり","2026-05-08",""
"25","30代の転職は手遅れじゃない。「まだ間に合う」ための戦略と成功させる3つの法則","CTA型",".company/marketing/content-plan/article-25-long-30dai-tensyoku.md","draft","30代の転職は手遅れじゃない","成功させる3つの法則と具体的な動き方",".company/creative/briefs/thumb-25-long-30dai.md","brief完","あり","2026-05-08",""
"26","転職したいのに動けない。その「本当の理由」と、今日から変えられること","CTA型",".company/marketing/content-plan/article-26-long-ugokenai-riyuu.md","draft","転職したいのに、動けない理由","意志が弱いせいじゃない",".company/creative/briefs/thumb-26-long-ugokenai.md","brief完","あり","2026-05-08",""
"27","給料が低い会社にいることの「本当のコスト」——転職で年収を上げた人の共通点","CTA型",".company/marketing/content-plan/article-27-long-kyuuryo-cost.md","draft","給料が低い会社にいることの「本当のコスト」","転職で年収を上げた人の共通点",".company/creative/briefs/thumb-27-long-kyuuryo.md","brief完","あり","2026-05-08",""
"28","「静かな退職」を選んだ人が急増している。その本当の理由と、その先に何があるか","CTA型",".company/marketing/content-plan/article-28-trend-shizuka-taishoku.md","draft","「静かな退職」を選んだ人が急増している","その本当の理由と、その先にあるもの",".company/creative/briefs/thumb-28-trend-shizuka-taishoku.md","brief完","あり","2026-05-08",""
"29","毎日すり減っているあなたへ。「辞めていい会社」の特徴10選","CTA型",".company/marketing/content-plan/article-29-trend-辞めていい会社.md","draft","「辞めていい会社」の特徴10選","毎日すり減っているあなたへ",".company/creative/briefs/thumb-29-trend-yamete-ii-kaisha.md","brief完","あり","2026-05-08",""
"30","「仕事が合わない」のサインを3年間無視した結果、体に出たこと","CTA型",".company/marketing/content-plan/article-30-trend-shigoto-awanai-sign.md","draft","「仕事が合わない」サインを3年間無視した結果","体が先に教えてくれていた",".company/creative/briefs/thumb-30-trend-shigoto-awanai.md","brief完","あり","2026-05-08",""
"31","転職エージェントに「全部正直に話した」ら、驚くほどうまくいった話","CTA型",".company/marketing/content-plan/article-31-trend-agent-honki.md","draft","エージェントに「全部正直に話した」ら","驚くほどうまくいった話",".company/creative/briefs/thumb-31-trend-agent-honki.md","brief完","あり","2026-05-08",""
"32","職場の「いい人」ほど消耗する。あなたが疲れているのは、優しいからです","CTA型",".company/marketing/content-plan/article-32-trend-iihito-shoumou.md","draft","職場の「いい人」ほど消耗する","疲れているのは、優しいからです",".company/creative/briefs/thumb-32-trend-iihito-shoumou.md","brief完","あり","2026-05-08",""
"33","「キャリア迷子」のまま30代になった人が、まず確認すべきたった1つのこと","CTA型",".company/marketing/content-plan/article-33-trend-career-maigo.md","draft","「キャリア迷子」のまま30代になった人へ","まず確認すべきたった1つのこと",".company/creative/briefs/thumb-33-trend-career-maigo.md","brief完","あり","2026-05-08",""
"34","「働かないおじさん」になりたくない35歳が、転職を決めた本当の理由","CTA型",".company/marketing/content-plan/article-34-trend-hatarakanai-ojisan.md","draft","「働かないおじさん」になりたくない","35歳が転職を決めた本当の理由",".company/creative/briefs/thumb-34-trend-hatarakanai-ojisan.md","brief完","あり","2026-05-08",""
"35","日曜の夜が怖い人へ。「サザエさん症候群」の正体と、根本的な解決策","CTA型",".company/marketing/content-plan/article-35-trend-nichiyou-yoru.md","draft","日曜の夜が怖い人へ","「サザエさん症候群」の正体と根本的な解決策",".company/creative/briefs/thumb-35-trend-nichiyou-yoru.md","brief完","あり","2026-05-08",""
"36","会社を辞めた翌日、思ったより「なんでもなかった」話","CTA型",".company/marketing/content-plan/article-36-trend-taishoku-翌日.md","draft","会社を辞めた翌日、思ったより「なんでもなかった」","辞める前の恐怖と辞めた後の現実",".company/creative/briefs/thumb-36-trend-taishoku-翌日.md","brief完","あり","2026-05-08",""
"37","退職者を次々と出す職場の「本当の構造」——なぜ優秀な人から辞めていくのか","CTA型",".company/marketing/content-plan/article-37-trend-taishoku-sha-senryaku.md","draft","優秀な人から辞めていく職場の「本当の構造」","なぜあの人が辞めるのか、ついに分かった",".company/creative/briefs/thumb-37-trend-taishoku-sha-senryaku.md","brief完","あり","2026-05-08",""
"38","「仕事なんて楽しくなくていい」と3年間思い込んでいた話","読み物型",".company/marketing/content-plan/article-38-shigoto-tanoshiku-nakute-ii.md","draft","","","","未着手","なし","2026-05-08",""
"39","「転職しなかった」を、5年越しに後悔した話","読み物型",".company/marketing/content-plan/article-39-tensyoku-shinakatta-koukai.md","draft","","","","未着手","なし","2026-05-08",""
"40","上司が嫌いで会社を辞めた。正直な話をする。","読み物型",".company/marketing/content-plan/article-40-joushi-kirai-de-yameta.md","draft","","","","未着手","なし","2026-05-08",""
"41","転職して給料が下がった。それでも後悔していない理由。","読み物型",".company/marketing/content-plan/article-41-kyuryo-sagatta-koukai-nai.md","draft","","","","未着手","なし","2026-05-08",""
"42","やりたいことが分からないまま転職した結果","読み物型",".company/marketing/content-plan/article-42-yritaikoto-wakarazu-tensyoku.md","draft","","","","未着手","なし","2026-05-08",""
"43","同期が全員辞めた職場で、最後まで残った話","読み物型",".company/marketing/content-plan/article-43-douki-minna-yameta.md","draft","","","","未着手","なし","2026-05-08",""
"44","「安定した仕事」を選んだはずなのに、なぜか不安な話","読み物型",".company/marketing/content-plan/article-44-antei-eranda-noni-fuan.md","draft","","","","未着手","なし","2026-05-08",""
"45","転職エージェントに登録して、1年間何もしなかった話","読み物型",".company/marketing/content-plan/article-45-agent-torokushite-nanimo-shinakatta.md","draft","","","","未着手","なし","2026-05-08",""
"46","会社の飲み会を断り続けたら、何が起きたか","読み物型",".company/marketing/content-plan/article-46-nomikai-kotowari-tsuzuketa.md","draft","","","","未着手","なし","2026-05-08",""
"47","仕事ができる人ほど損をする職場の話","読み物型",".company/marketing/content-plan/article-47-dekiru-hito-hodo-son.md","draft","","","","未着手","なし","2026-05-08",""
"48","転職を3回した私が、転職を勧めない理由","読み物型",".company/marketing/content-plan/article-48-tensyoku-susumenai-riyuu.md","draft","","","","未着手","なし","2026-05-08",""
"49","辞め時を逃し続けた私が、ある朝気づいたこと","読み物型",".company/marketing/content-plan/article-49-nigasita-yameidoki.md","draft","辞め時、また逃した","何年も同じ朝を繰り返している人へ",".company/creative/briefs/thumb-49-nigasita-yameidoki.md","brief完","あり","2026-05-08","""50","転職サービスの種類と選び方｜使う前に知っておきたかった話","CTA型",".company/marketing/content-plan/article-50-tensyoku-service-guide.md","draft","どれを使えばいいか、わからなくて当然","転職サービス4種類、ちゃんと解説します",".company/creative/briefs/thumb-50-tensyoku-service-guide.md","brief完","あり","2026-05-10",""
